id,grupo,arch,epocas,n_runs,mean_iou,std_iou,mean_dice,std_dice,mean_loss,std_loss,mean_prec,mean_rec,mean_acc
E01,RGB,U-Net Clásico,150,3,71.81333333333333,1.649616116959743,81.87666666666667,0.18230011885167866,0.6606333333333333,0.010739801363774521,72.14666666666666,95.45,78.69
E02,RGB,U-Net Clásico,200,3,71.44333333333333,2.4858868303551827,81.50999999999999,0.37509998667021893,0.6835333333333332,0.02460900919040286,71.41000000000001,95.79,78.06333333333333
E03,RGB,U-Net Clásico,350,3,75.32,1.640822964246902,84.28333333333333,0.3516153201061338,0.5620666666666668,0.009904712683027882,74.92,96.82666666666667,81.68333333333334
E04,RGB,UNET-R (Transformer),350,3,73.63333333333333,1.3021648641141157,83.69,0.045825756949560134,0.6152666666666666,0.006101092798288948,76.00666666666666,93.44666666666667,81.82333333333334
E05,4-BANDAS,U-Net Clásico,150,3,90.19,0.22538855339169722,94.77333333333333,0.1357694123627724,0.1975,0.005026927491022727,94.66000000000001,94.89999999999999,94.77
E06,4-BANDAS,U-Net Clásico,200,3,90.27333333333333,0.3187998327059417,94.82,0.20663978319771772,0.19593333333333332,0.007397522107661015,94.79333333333334,94.85333333333334,94.82333333333334
E07,4-BANDAS,U-Net Clásico,350,3,93.65333333333335,0.3150132272355113,96.69,0.1802775637731971,0.12726666666666667,0.006476367294504954,96.71666666666665,96.67,96.69333333333334
E08,4-BANDAS,UNET-R (Transformer),350,3,91.10666666666667,0.24583192089989564,95.34666666666665,0.12503332889007077,0.17396666666666669,0.0035725807665234624,95.49000000000001,95.21333333333332,95.35333333333334
E09,MULTIESPECTRAL,U-Net Clásico,150,3,98.65666666666668,0.02309401076758864,99.32333333333334,0.011547005383790217,0.029166666666666664,0.0005859465277082312,99.35333333333334,99.29666666666667,99.32333333333334
E10,MULTIESPECTRAL,U-Net Clásico,200,3,98.78666666666668,0.14571661996262875,99.38666666666667,0.07371114795832005,0.028133333333333333,0.0021079215671683162,99.47666666666665,99.3,99.38666666666667
E11,MULTIESPECTRAL,U-Net Clásico,350,3,99.23,0.06928203230274951,99.61333333333333,0.03785938897200493,0.017733333333333334,0.0018823743871327339,99.63,99.59666666666668,99.61666666666666
E12,MULTIESPECTRAL,UNET-R (Transformer),350,3,99.25666666666666,0.015275252316521078,99.63,0.00999999999999801,0.01693333333333333,0.0002516611478423586,99.64,99.61666666666667,99.63
